"feature","id","pval","qval","tname"
"gene","MSTRG.12600",1.92425648526395e-07,0.00185498325179445,"FBtr0070956"
"gene","MSTRG.440",2.13228561407597e-06,0.0102776166598462,"FBtr0077631"
"gene","MSTRG.878",3.34126719003791e-06,0.0107366052373218,"FBtr0079291"
"gene","MSTRG.9046",8.12806765360108e-06,0.0195886430451786,"FBtr0305337"
"gene","MSTRG.6779",1.56867778255965e-05,0.03024410764775,"FBtr0076461"
