"","Gene","baseMean","log2FoldChange","lfcSE","stat","pvalue","padj"
"1","FBgn0041191",2442.56537581148,-0.284561723486207,0.0683989056022347,-4.16032568037039,3.17794097631008e-05,0.00214259211834501
